<?xml version="1.0" encoding="UTF-8" standalone="no"?>
<app-component xmlns="http://schemas.haulmont.com/cuba/app-component.xsd"
               dependsOn="com.haulmont.cuba">
    <module blocks="*"
            name="global">
        <artifact appJar="true"
                  name="app-global"/>
        <property name="cuba.persistenceConfig"
                  value="+ru/zrv/tazacom/persistence.xml"/>
        <property name="cuba.metadataConfig"
                  value="+ru/zrv/tazacom/metadata.xml"/>
        <property name="cuba.viewsConfig"
                  value="+ru/zrv/tazacom/views.xml"/>
    </module>
    <module blocks="core"
            dependsOn="global"
            name="core">
        <artifact appJar="true"
                  name="app-core"/>
        <artifact classifier="db"
                  configuration="dbscripts"
                  ext="zip"
                  name="app-core"/>
        <property name="cuba.springContextConfig"
                  value="+ru/zrv/tazacom/spring.xml"/>
        <property name="cuba.mainMessagePack"
                  value="+ru.zrv.tazacom.core"/>
    </module>
    <module blocks="web,desktop"
            dependsOn="global"
            name="gui">
        <artifact appJar="true"
                  name="app-gui"/>
    </module>
    <module blocks="web"
            dependsOn="gui"
            name="web">
        <artifact appJar="true"
                  name="app-web"/>
        <artifact classifier="web"
                  configuration="webcontent"
                  ext="zip"
                  name="app-web"/>
        <property name="cuba.springContextConfig"
                  value="+ru/zrv/tazacom/web-spring.xml"/>
        <property name="cuba.dispatcherSpringContextConfig"
                  value="+ru/zrv/tazacom/web-dispatcher-spring.xml"/>
        <property name="cuba.windowConfig"
                  value="+ru/zrv/tazacom/web-screens.xml"/>
        <property name="cuba.menuConfig"
                  value="+ru/zrv/tazacom/web-menu.xml"/>
        <property name="cuba.permissionConfig"
                  value="+ru/zrv/tazacom/web-permissions.xml"/>
        <property name="cuba.mainMessagePack"
                  value="+ru.zrv.tazacom.web"/>
    </module>
</app-component>
