<?xml version="1.0"?>
<queries xmlns="http://schemas.haulmont.com/cuba/rest-queries.xsd">
<!-- 
    <query name="carByVin" entity="ref$Car" view="carEdit">
        <jpql><![CDATA[select c from ref$Car c where c.vin = :vin]]></jpql>
        <params>
            <param name="vin" type="java.lang.String"/>
        </params>
    </query>
    <query name="allColours" entity="ref$Colour" view="_local">
        <jpql><![CDATA[select u from ref$Colour u order by u.name]]></jpql>
    </query>
    <query name="carsByIds" entity="ref$Car" view="carEdit">
        <jpql><![CDATA[select c from ref$Car c where c.id in :ids]]></jpql>
        <params>
            <param name="ids" type="java.util.UUID[]"/>
        </params>
    </query>
 -->
</queries>