<Context>

    <!-- Database connection -->
    <Resource
      name="jdbc/CubaDS"
      type="javax.sql.DataSource"
      maxTotal="20"
      maxIdle="2"
      maxWaitMillis="5000"
      driverClassName="org.hsqldb.jdbc.JDBCDriver"
      url="jdbc:hsqldb:hsql://localhost/tazacom"
      username="sa"
      password=""/>

    <!-- Switch off session serialization -->
    <Manager pathname=""/>
<!--     
	<bean id="book_proxyCreator" class="com.haulmont.cuba.web.sys.remoting.WebRemoteProxyBeanCreator">
	    <property name="clusterInvocationSupport" ref="cuba_clusterInvocationSupport"/>
	    <property name="remoteServices">
	        <map>
	            <entry key="tazacom_ImportService" value="ru.zrv.tazacom.service.ImportService"/>
	        </map>
	    </property>
	</bean>
-->
</Context>